proposal_id,ts,venue,symbol,side,net_pnl,r_multiple,f1_ratio,f2_pctl,f3_adx,f4_pctl,f6_gap
p-3d57976e,1782813191,binance,BTC/USDT:USDT,sell,0.5613809904952324,0.27958721668250197,0.8771958882141583,33.81944444444444,39.70058830756409,49.82721737699523,1.4696688393322328
p-5ca6caf1,1782813497,binance,BTC/USDT:USDT,sell,0.5613809904952445,0.2795362052907187,0.8771958882141583,33.81944444444444,39.70058830756409,49.827274222734005,1.4696688393322328
p-1ba14f9e,1782813800,binance,BTC/USDT:USDT,sell,0.5613809904952537,0.298305425819601,0.8419528531572632,28.541666666666668,39.70058830756409,49.827274222734005,1.4696688393322328
p-dd96f93b,1782814102,binance,BTC/USDT:USDT,sell,0.5613809904952368,0.29483696620109096,0.8419528531572632,28.541666666666668,39.70058830756409,49.827245804540965,1.4696688393322328
p-cf0dc140,1782814406,binance,BTC/USDT:USDT,sell,0.5613809904952646,0.29321355496498214,0.8419528531572632,28.541666666666668,39.70058830756409,49.82721737699523,1.4696688393322328
p-09884c89,1782814709,binance,BTC/USDT:USDT,sell,0.5613809904952425,0.29335315223872244,0.8419528531572632,28.541666666666668,39.70058830756409,49.827188940092164,1.4696688393322328
p-6ab94fe5,1782815012,binance,BTC/USDT:USDT,sell,0.561380990495262,0.2932618058582379,0.8419528531572632,28.541666666666668,39.70058830756409,49.82716049382716,1.4696688393322328
p-3566f1c6,1782815315,binance,BTC/USDT:USDT,sell,0.5613809904952449,0.2933049030031391,0.8419528531572632,28.541666666666668,39.70058830756409,49.827132038195586,1.4696688393322328
p-a861c9d0,1782815618,binance,BTC/USDT:USDT,sell,0.5613809904952577,0.29327351710803845,0.8419528531572632,28.541666666666668,39.70058830756409,49.82710357319282,1.4696688393322328
p-af297eb6,1782815921,binance,BTC/USDT:USDT,sell,0.561380990495251,0.29186699399147226,0.8419528531572632,28.541666666666668,39.70058830756409,49.82710357319282,1.4696688393322328
p-04d80a57,1782816225,binance,BTC/USDT:USDT,sell,0.5613809904952474,0.2919262675336091,0.8419528531572632,28.541666666666668,39.70058830756409,49.82707509881423,1.4696688393322328
p-5de95fce,1782816527,binance,BTC/USDT:USDT,sell,0.5613809904952369,0.2921516816169363,0.8419528531572632,28.541666666666668,39.70058830756409,49.82710357319282,1.4696688393322328
p-b34adfc3,1782816829,binance,BTC/USDT:USDT,sell,0.561380990495243,0.2920443439600642,0.8419528531572632,28.541666666666668,39.70058830756409,49.82707509881423,1.4696688393322328
p-26cc7fe5,1782817132,binance,BTC/USDT:USDT,sell,0.5613809904952435,0.2922020821524092,0.8419528531572632,28.541666666666668,39.70058830756409,49.82707509881423,1.4696688393322328
p-c3ac9e8a,1782817435,binance,BTC/USDT:USDT,sell,0.5613809904952444,0.30988778082539503,0.8038878593031488,23.541666666666668,39.70058830756409,49.82704661505518,1.4696688393322328
p-4daae5b8,1782817737,binance,BTC/USDT:USDT,sell,0.561380990495233,0.3069181875619331,0.8038878593031488,23.541666666666668,39.70058830756409,49.82704661505518,1.4696688393322328
p-e27f38ed,1782818040,binance,BTC/USDT:USDT,sell,0.56138099049524,0.30699396421284214,0.8038878593031488,23.541666666666668,39.70058830756409,49.82701812191104,1.4696688393322328
p-9e11f20e,1782818343,binance,BTC/USDT:USDT,sell,0.5613809904952394,2.709542687504408,0.8038878593031488,23.541666666666668,39.70058830756409,49.826989619377166,1.4696688393322328
p-f307bbe2,1782818343,binance,BTC/USDT:USDT,sell,0.5613809904952394,0.3055074933087604,0.8038878593031488,23.541666666666668,39.70058830756409,49.826989619377166,1.4696688393322328
p-6a364de0,1782818646,binance,BTC/USDT:USDT,sell,0.5613809904952376,0.30299589275095,0.8038878593031488,23.541666666666668,39.70058830756409,,1.4696688393322328
p-c35d163f,1782818951,binance,BTC/USDT:USDT,sell,0.5613809904952332,0.29835692540743364,0.8038878593031488,23.541666666666668,39.70058830756409,,1.4696688393322328
p-7667fb1b,1782819556,binance,BTC/USDT:USDT,sell,0.5613809904952394,0.29460916164234,0.8038878593031488,23.541666666666668,39.70058830756409,,1.4696688393322328
p-e8a4545f,1782819859,binance,BTC/USDT:USDT,sell,0.5613809904952285,0.2949782240564253,0.8038878593031488,23.541666666666668,39.70058830756409,,1.4696688393322328
p-a4a0bfb0,1782820161,binance,BTC/USDT:USDT,sell,0.5613809904952486,0.2952089800141348,0.8038878593031488,23.541666666666668,39.70058830756409,,1.4696688393322328
p-827947eb,1782820464,binance,BTC/USDT:USDT,sell,0.5613809904952424,0.29474603219839196,0.8038878593031488,23.541666666666668,39.70058830756409,,1.4696688393322328
p-69c688d5,1782820766,binance,BTC/USDT:USDT,sell,0.5613809904952564,0.2946771258338414,0.8038878593031488,23.541666666666668,39.70058830756409,,1.4696688393322328
p-023c114b,1782821373,binance,ETH/USDT:USDT,buy,-1.7170728420084904,-1.3422613244598762,0.7941705221133464,22.15277777777778,32.02640325196667,,1.6288549374467383
p-472c7ded,1782821978,binance,ETH/USDT:USDT,sell,0.561380990495221,0.3543487216496978,0.7941705221133464,22.15277777777778,32.02640325196667,,1.6288549374467383
p-c0dabc38,1782822282,binance,ETH/USDT:USDT,sell,0.5613809904952554,0.33948414486740597,0.7941705221133464,22.15277777777778,32.02640325196667,,1.6288549374467383
p-99f3b7b8,1782822586,binance,ETH/USDT:USDT,sell,0.5613809904952601,0.3357967373428505,0.7941705221133464,22.15277777777778,32.02640325196667,,1.6288549374467383
p-75cd4eb3,1782822888,binance,ETH/USDT:USDT,sell,0.561380990495279,0.33315811393804534,0.7941705221133464,22.15277777777778,32.02640325196667,50.55077452667814,1.6288549374467383
p-38ee670d,1782823191,binance,ETH/USDT:USDT,sell,0.56138099049526,0.33375219054605637,0.7941705221133464,22.15277777777778,32.02640325196667,50.55077452667814,1.6288549374467383
p-54f42441,1782823493,binance,ETH/USDT:USDT,sell,0.5613809904952545,0.33357759406959764,0.7941705221133464,22.15277777777778,32.02640325196667,50.55077452667814,1.6288549374467383
p-18aaa92c,1782823798,binance,ETH/USDT:USDT,sell,0.5613809904952589,0.3296799076402182,0.7941705221133464,22.15277777777778,32.02640325196667,50.55077452667814,1.6288549374467383
p-2189ccac,1782824101,binance,ETH/USDT:USDT,sell,0.5613809904952464,0.32910112125667956,0.7941705221133464,22.15277777777778,32.02640325196667,50.55077452667814,1.6288549374467383
p-f6af79d6,1782824405,binance,ETH/USDT:USDT,sell,-2.1463705677406297,-1.2599591696066563,0.8667511921803843,28.958333333333332,32.02640325196667,50.55077452667814,1.6288549374467383
p-4e4f7645,1782824707,binance,BTC/USDT:USDT,buy,0.5586209895052382,0.4931472440279353,0.8667511921803843,32.986111111111114,40.79041044373955,,1.4973908142812624
p-4dd37fda,1782824710,binance,ETH/USDT:USDT,sell,-2.190014966440404,-1.2535154089034828,0.8667511921803843,28.958333333333332,32.02640325196667,50.54216867469879,1.6288549374467383
p-d5d1064d,1782825012,binance,BTC/USDT:USDT,buy,0.5586209895052476,0.48567294837522573,0.8667511921803843,32.986111111111114,40.79041044373955,,1.4973908142812624
p-55c80c1c,1782825014,binance,ETH/USDT:USDT,sell,-3.0541873476081087,-1.170236062462494,0.8667511921803843,28.958333333333332,32.02640325196667,50.53347100326966,1.6288549374467383
p-431a4aca,1782825014,binance,ETH/USDT:USDT,sell,-2.216234953432932,-1.2497965037729903,0.8667511921803843,28.958333333333332,32.02640325196667,50.53347100326966,1.6288549374467383
p-04f35704,1782825316,binance,BTC/USDT:USDT,buy,0.5586209895052398,0.48474078186879077,0.8667511921803843,32.986111111111114,40.79041044373955,,1.4973908142812624
p-0a26e548,1782825317,binance,ETH/USDT:USDT,sell,-2.217976432430448,-1.2495533863053445,0.8667511921803843,28.958333333333332,32.02640325196667,50.51635111876076,1.6288549374467383
p-c0d4af5f,1782825620,binance,BTC/USDT:USDT,buy,0.5586209895052127,0.4855139513692499,0.8667511921803843,32.986111111111114,40.79041044373955,,1.4973908142812624
p-9a856eec,1782825621,binance,ETH/USDT:USDT,sell,-2.215958595562741,-1.2498351282805988,0.8667511921803843,28.958333333333332,32.02640325196667,50.50765789020823,1.6288549374467383
p-c5e2bcdb,1782825621,binance,ETH/USDT:USDT,sell,-3.053772810802856,-1.1702628087868654,0.8667511921803843,28.958333333333332,32.02640325196667,50.50765789020823,1.6288549374467383
p-8b542057,1782825925,binance,BTC/USDT:USDT,buy,0.5586209895052425,0.4847150307637912,0.8667511921803843,32.986111111111114,40.79041044373955,49.82650363516193,1.4973908142812624
p-613fa9e7,1782825926,binance,ETH/USDT:USDT,sell,-3.0588783909400363,-1.1699339818030263,0.8667511921803843,28.958333333333332,32.02640325196667,50.507570543702684,1.6288549374467383
p-a72cc3bb,1782825926,binance,ETH/USDT:USDT,sell,-2.2193623156542275,-1.2493602515064446,0.8667511921803843,28.958333333333332,32.02640325196667,50.507570543702684,1.6288549374467383
p-60040b3c,1782826228,binance,BTC/USDT:USDT,buy,0.5586209895052083,0.4853040365196616,0.8667511921803843,32.986111111111114,40.79041044373955,49.826474962816064,1.4973908142812624
p-7df3a0f4,1782826230,binance,ETH/USDT:USDT,sell,-3.109604981149055,-1.1667352455158744,0.8667511921803843,28.958333333333332,32.02640325196667,50.49896765313145,1.6288549374467383
p-d70a8b3f,1782826230,binance,ETH/USDT:USDT,sell,-2.253180042460204,-1.244738965938414,0.8667511921803843,28.958333333333332,32.02640325196667,50.49896765313145,1.6288549374467383
p-3a15dcb6,1782826533,binance,ETH/USDT:USDT,sell,-2.273624883043859,-1.242027805920584,0.8667511921803843,28.958333333333332,32.02640325196667,50.49028040598658,1.6288549374467383
p-5a7583d6,1782826836,binance,BTC/USDT:USDT,buy,0.5586209895052261,0.4693194515109398,0.8667511921803843,32.986111111111114,40.79041044373955,49.82644628099174,1.4973908142812624
p-df40d7ac,1782826838,binance,ETH/USDT:USDT,buy,0.5586209895052012,0.3768764370315866,0.8667511921803843,28.958333333333332,32.02640325196667,50.490196078431374,1.6288549374467383
p-442d0875,1782826838,binance,ETH/USDT:USDT,sell,-2.2726886119915455,-1.2421506417214507,0.8667511921803843,28.958333333333332,32.02640325196667,50.490196078431374,1.6288549374467383
p-6d833ce3,1782827140,binance,BTC/USDT:USDT,buy,0.5586209895052365,0.4694591421866034,0.8667511921803843,32.986111111111114,40.79041044373955,49.82644628099174,1.4973908142812624
p-6d1ffe66,1782827142,binance,ETH/USDT:USDT,sell,-2.2735000731652937,-1.242044173334424,0.8667511921803843,28.958333333333332,32.02640325196667,50.49002751031637,1.6288549374467383
p-21d3d6c6,1782827142,binance,ETH/USDT:USDT,buy,0.5586209895052172,0.37671187868626166,0.8667511921803843,28.958333333333332,32.02640325196667,50.49002751031637,1.6288549374467383
p-4197d05f,1782827444,binance,BTC/USDT:USDT,buy,0.5586209895052272,0.4699252127628116,0.8667511921803843,32.986111111111114,40.79041044373955,49.82644628099174,1.4973908142812624
p-e518c4ff,1782827445,binance,ETH/USDT:USDT,buy,0.5586209895052436,0.3766645380596435,0.8667511921803843,28.958333333333332,32.02640325196667,50.48985905809557,1.6288549374467383
p-45325a61,1782827445,binance,ETH/USDT:USDT,sell,-2.2737336480194226,-1.2420135444325198,0.8667511921803843,28.958333333333332,32.02640325196667,50.48985905809557,1.6288549374467383
p-3fa9dc4a,1782827747,binance,BTC/USDT:USDT,buy,0.5586209895052152,0.46576302046719603,0.8667511921803843,32.986111111111114,40.79041044373955,49.826474962816064,1.4973908142812624
p-fa7b5310,1782827749,binance,ETH/USDT:USDT,sell,-3.133794613260706,-1.1652523097877632,0.8667511921803843,28.958333333333332,32.02640325196667,50.48985905809557,1.6288549374467383
p-29340a99,1782827749,binance,ETH/USDT:USDT,sell,-2.2693064638679745,-1.2425954164277522,0.8667511921803843,28.958333333333332,32.02640325196667,50.48985905809557,1.6288549374467383
p-360675cb,1782827749,binance,ETH/USDT:USDT,buy,0.5586209895052067,0.3775638629409766,0.8667511921803843,28.958333333333332,32.02640325196667,50.48985905809557,1.6288549374467383
p-f2886f45,1782828054,binance,BTC/USDT:USDT,sell,0.5613809904952547,0.2698873192910154,0.8991471009000619,36.31944444444444,40.79041044373955,49.826474962816064,1.4973908142812624
p-f2d9e0d7,1782828057,binance,ETH/USDT:USDT,sell,0.5613809904952582,0.22044413798307702,0.8991471009000619,30.48611111111111,32.02640325196667,50.481347773766544,1.6288549374467383
p-564df036,1782828057,binance,ETH/USDT:USDT,sell,0.5613809904952582,0.32429576829429835,0.8991471009000619,30.48611111111111,32.02640325196667,50.481347773766544,1.6288549374467383
p-ccde029b,1782828359,binance,BTC/USDT:USDT,sell,0.5613809904952476,0.25117883264110036,0.8991471009000619,36.31944444444444,40.79041044373955,49.826474962816064,1.4973908142812624
p-05fe04b3,1782828360,binance,ETH/USDT:USDT,sell,0.5613809904952409,0.20996415317809647,0.8991471009000619,30.48611111111111,32.02640325196667,50.48126503953249,1.6288549374467383
p-b7d6cb6a,1782828360,binance,ETH/USDT:USDT,sell,0.5613809904952409,0.30916180087661704,0.8991471009000619,30.48611111111111,32.02640325196667,50.48126503953249,1.6288549374467383
p-169eea65,1782828662,binance,BTC/USDT:USDT,sell,0.5613809904952408,0.2506901434072749,0.8991471009000619,36.31944444444444,40.79041044373955,49.82644628099174,1.4973908142812624
p-12dd9eb4,1782828664,binance,ETH/USDT:USDT,sell,0.5613809904952393,0.20982643670930912,0.8991471009000619,30.48611111111111,32.02640325196667,50.47258979206049,1.6288549374467383
p-ef0d3fc0,1782828664,binance,ETH/USDT:USDT,sell,0.5613809904952393,0.3089627421605579,0.8991471009000619,30.48611111111111,32.02640325196667,50.47258979206049,1.6288549374467383
p-7a1071c6,1782828966,binance,BTC/USDT:USDT,sell,0.5613809904952808,0.2511841218789059,0.8991471009000619,36.31944444444444,40.79041044373955,49.82644628099174,1.4973908142812624
p-b184ab49,1782828967,binance,ETH/USDT:USDT,sell,0.5613809904952165,0.21004652228890794,0.8991471009000619,30.48611111111111,32.02640325196667,50.47250859106529,1.6288549374467383
p-c8dc0512,1782828967,binance,ETH/USDT:USDT,sell,0.5613809904952165,0.30928085689025164,0.8991471009000619,30.48611111111111,32.02640325196667,50.47250859106529,1.6288549374467383
p-f9cd3485,1782829270,binance,BTC/USDT:USDT,sell,0.5613809904952448,0.2510352055015153,0.8991471009000619,36.31944444444444,40.79041044373955,49.82641758968425,1.4973908142812624
p-5d150504,1782829271,binance,ETH/USDT:USDT,sell,0.5613809904952218,0.20986376242732477,0.8991471009000619,30.48611111111111,32.02640325196667,50.463837828551796,1.6288549374467383
p-c9b60ee8,1782829271,binance,ETH/USDT:USDT,sell,0.5613809904952218,0.3090166941302633,0.8991471009000619,30.48611111111111,32.02640325196667,50.463837828551796,1.6288549374467383
p-d8d1143f,1782829573,binance,BTC/USDT:USDT,sell,0.5613809904952558,0.2512801400730797,0.8991471009000619,36.31944444444444,40.79041044373955,49.826388888888886,1.4973908142812624
p-eb6c17f0,1782829575,binance,ETH/USDT:USDT,sell,0.5613809904952233,0.21018808832835228,0.8991471009000619,30.48611111111111,32.02640325196667,50.45524823913417,1.6288549374467383
p-9b57ccd8,1782829575,binance,ETH/USDT:USDT,sell,0.5613809904952233,0.3094854719214525,0.8991471009000619,30.48611111111111,32.02640325196667,50.45524823913417,1.6288549374467383
p-d11d5822,1782829876,binance,BTC/USDT:USDT,sell,0.5613809904952286,0.2510181162076131,0.8991471009000619,36.31944444444444,40.79041044373955,,1.4973908142812624
p-3a3dd7ea,1782829878,binance,ETH/USDT:USDT,sell,0.5613809904952453,0.21023313051187947,0.8991471009000619,30.48611111111111,32.02640325196667,50.446505237849905,1.6288549374467383
p-27e59683,1782830180,binance,BTC/USDT:USDT,sell,0.5613809904952429,0.25079228316079544,0.8991471009000619,36.31944444444444,40.79041044373955,,1.4973908142812624
p-9f03eb73,1782830182,binance,ETH/USDT:USDT,sell,0.561380990495253,0.21014561929577066,0.8991471009000619,30.48611111111111,32.02640325196667,50.44642857142857,1.6288549374467383
p-be47ad4a,1782830182,binance,ETH/USDT:USDT,sell,0.561380990495253,0.309424089070487,0.8991471009000619,30.48611111111111,32.02640325196667,50.44642857142857,1.6288549374467383
p-74a12c48,1782830485,binance,ETH/USDT:USDT,sell,0.5613809904952536,0.20747307047788957,0.8991471009000619,30.48611111111111,32.02640325196667,50.44635193133047,1.6288549374467383
p-02d5c17f,1782830485,binance,ETH/USDT:USDT,sell,0.5613809904952536,0.3055603882798754,0.8991471009000619,30.48611111111111,32.02640325196667,50.44635193133047,1.6288549374467383
p-34171158,1782830788,binance,ETH/USDT:USDT,sell,0.5613809904952504,0.30553642070979703,0.8991471009000619,30.48611111111111,32.02640325196667,50.44635193133047,1.6288549374467383
p-a75f5226,1782830788,binance,ETH/USDT:USDT,sell,0.5613809904952504,0.20745649584197579,0.8991471009000619,30.48611111111111,32.02640325196667,50.44635193133047,1.6288549374467383
p-7af2d462,1782831092,binance,BTC/USDT:USDT,sell,-0.9163076177851688,-1.9273375146269753,0.8991471009000619,36.31944444444444,40.79041044373955,,1.4973908142812624
p-eab45651,1782831094,binance,ETH/USDT:USDT,sell,-3.1554089905658196,-1.1639496013783572,0.8991471009000619,30.48611111111111,32.02640325196667,50.44635193133047,1.6288549374467383
p-7a394f88,1782831094,binance,ETH/USDT:USDT,sell,-2.2837160487380475,-1.2407117959551717,0.8991471009000619,30.48611111111111,32.02640325196667,50.44635193133047,1.6288549374467383
p-266fc002,1782831398,binance,ETH/USDT:USDT,sell,-0.9203859595028167,-1.9194763048039865,0.8991471009000619,30.48611111111111,32.02640325196667,50.44635193133047,1.6288549374467383
p-5a7f6928,1782831398,binance,ETH/USDT:USDT,sell,-2.3024141511018366,-1.2383110336397103,0.8991471009000619,30.48611111111111,32.02640325196667,50.44635193133047,1.6288549374467383
p-af2995f9,1782831398,binance,ETH/USDT:USDT,sell,-3.18345614411147,-1.162289787512886,0.8991471009000619,30.48611111111111,32.02640325196667,50.44635193133047,1.6288549374467383
p-faaee4f5,1782831702,binance,ETH/USDT:USDT,sell,-0.9208424607640211,-1.918604676263411,0.9726767238374566,31.73611111111111,32.02640325196667,50.44635193133047,1.6288549374467383
p-f8d939df,1782831702,binance,ETH/USDT:USDT,sell,-3.0464118127941857,-1.170739164572096,0.9726767238374566,31.73611111111111,32.02640325196667,50.44635193133047,1.6288549374467383
p-2608a7eb,1782831702,binance,ETH/USDT:USDT,sell,-2.211051263556955,-1.2505229975788752,0.9726767238374566,31.73611111111111,32.02640325196667,50.44635193133047,1.6288549374467383
p-f83a6f58,1782832007,binance,ETH/USDT:USDT,sell,-3.141429929765843,-1.1647897443534647,0.9726767238374566,31.73611111111111,32.02640325196667,50.44635193133047,1.6288549374467383
p-af642fd5,1782832007,binance,ETH/USDT:USDT,sell,-2.2743966748714084,-1.24192664356315,0.9726767238374566,31.73611111111111,32.02640325196667,50.44635193133047,1.6288549374467383
p-63c32989,1782832311,binance,ETH/USDT:USDT,sell,-3.136164950355416,-1.1651084287600102,0.9726767238374566,31.73611111111111,32.02640325196667,50.43784340659341,1.6288549374467383
p-74cb0fbd,1782832311,binance,ETH/USDT:USDT,sell,-2.2708866885977943,-1.242387401954347,0.9726767238374566,31.73611111111111,32.02640325196667,50.43784340659341,1.6288549374467383
p-577c9a24,1782832614,binance,ETH/USDT:USDT,sell,-3.136880134248627,-1.165065066295523,0.9726767238374566,31.73611111111111,32.02640325196667,50.429331959471064,1.6288549374467383
p-e4b25c14,1782832614,binance,ETH/USDT:USDT,sell,-2.2713634778599316,-1.2423247098202685,0.9726767238374566,31.73611111111111,32.02640325196667,50.429331959471064,1.6288549374467383
p-ce17f558,1782832917,binance,BTC/USDT:USDT,buy,0.5586209895052359,0.43216383777359235,0.9726767238374566,46.18055555555556,40.79041044373955,,1.4973908142812624
p-4b58d0c3,1782832919,binance,ETH/USDT:USDT,sell,-2.275879377541762,-1.241732537477713,0.9726767238374566,31.73611111111111,32.02640325196667,50.420817588457574,1.6288549374467383
p-3aad36f2,1782832919,binance,ETH/USDT:USDT,sell,-3.1436539837713524,-1.164655497300404,0.9726767238374566,31.73611111111111,32.02640325196667,50.420817588457574,1.6288549374467383
p-80f5cc00,1782833221,binance,BTC/USDT:USDT,buy,0.5586209895052523,0.4327811127644661,0.9726767238374566,46.18055555555556,40.79041044373955,,1.4973908142812624
p-aa24f1c2,1782833223,binance,ETH/USDT:USDT,sell,-2.2762310273098736,-1.2416865476988583,0.9726767238374566,31.73611111111111,32.02640325196667,50.41230029204604,1.6288549374467383
p-d01d4c3d,1782833223,binance,ETH/USDT:USDT,sell,0.56138099049526,0.2079388895385751,0.9726767238374566,31.73611111111111,32.02640325196667,50.41230029204604,1.6288549374467383
p-667d38bb,1782833526,binance,BTC/USDT:USDT,buy,0.558620989505229,0.43260134582166565,0.9726767238374566,46.18055555555556,40.79041044373955,,1.4973908142812624
p-b4f2054f,1782833528,binance,ETH/USDT:USDT,sell,-2.2769296949965026,-1.2415952261568783,0.9726767238374566,31.73611111111111,32.02640325196667,50.41215868109222,1.6288549374467383
p-aacf2268,1782833528,binance,ETH/USDT:USDT,sell,-3.1452294599534683,-1.1645605328966109,0.9726767238374566,31.73611111111111,32.02640325196667,50.41215868109222,1.6288549374467383
p-2a40fcb5,1782833831,binance,BTC/USDT:USDT,buy,0.5586209895052041,0.43243318744929093,0.9726767238374566,46.18055555555556,40.79041044373955,,1.4973908142812624
p-15bdedd5,1782833832,binance,ETH/USDT:USDT,sell,-3.144963220924969,-1.1645765731217488,0.9726767238374566,31.73611111111111,32.02640325196667,50.40364136035726,1.6288549374467383
p-c722ac45,1782833832,binance,ETH/USDT:USDT,sell,-2.276752202310811,-1.2416184193093598,0.9726767238374566,31.73611111111111,32.02640325196667,50.40364136035726,1.6288549374467383
p-7100d8ad,1782834136,binance,BTC/USDT:USDT,buy,0.5586209895052394,0.43240857798705934,0.9726767238374566,46.18055555555556,40.79041044373955,,1.4973908142812624
p-78fa938e,1782834139,binance,ETH/USDT:USDT,sell,-3.1466447679234926,-1.1644753171636624,0.9726767238374566,31.73611111111111,32.02640325196667,50.39498540271338,1.6288549374467383
p-790b1d58,1782834139,binance,ETH/USDT:USDT,sell,-2.2778732336431817,-1.2414720081966815,0.9726767238374566,31.73611111111111,32.02640325196667,50.39498540271338,1.6288549374467383
p-b2ad9283,1782834442,binance,BTC/USDT:USDT,sell,0.5613809904952499,0.23362974616006202,0.9726767238374566,46.18055555555556,40.79041044373955,,1.4973908142812624
p-e100eafc,1782834442,binance,BTC/USDT:USDT,buy,-1.7646487991735262,-1.3299123748862898,0.9726767238374566,46.18055555555556,40.79041044373955,,1.4973908142812624
p-3d5d45aa,1782834446,binance,ETH/USDT:USDT,sell,0.5613809904952445,0.20014542560388893,0.9726767238374566,31.73611111111111,32.02640325196667,50.39498540271338,1.6288549374467383
p-c033240c,1782834751,binance,BTC/USDT:USDT,buy,0.5586209895052259,0.42045989736412387,0.9726767238374566,46.18055555555556,40.79041044373955,,1.4973908142812624
p-2541da41,1782834753,binance,ETH/USDT:USDT,sell,0.5613809904952497,0.19975883334073416,0.9726767238374566,31.73611111111111,32.02640325196667,50.38646513225696,1.6288549374467383
p-6651eff4,1782834753,binance,ETH/USDT:USDT,sell,0.5613809904952497,0.2943977825246948,0.9726767238374566,31.73611111111111,32.02640325196667,50.38646513225696,1.6288549374467383
p-695bb2a5,1782835055,binance,BTC/USDT:USDT,buy,0.5586209895052292,0.4201788922945775,0.9726767238374566,46.18055555555556,40.79041044373955,,1.4973908142812624
p-a9620a6d,1782835057,binance,ETH/USDT:USDT,sell,0.561380990495259,0.19955999295115345,0.9726767238374566,31.73611111111111,32.02640325196667,50.377941934375535,1.6288549374467383
p-3a5210d4,1782835057,binance,ETH/USDT:USDT,sell,-2.351921052453363,-1.2321813162865058,0.9726767238374566,31.73611111111111,32.02640325196667,50.377941934375535,1.6288549374467383
p-f6334e67,1782835361,binance,ETH/USDT:USDT,sell,-3.1099424330281202,-1.1667143733426077,1.0013727117539342,34.513888888888886,32.31204976534421,50.377941934375535,1.6510987925660996
p-dccb63c9,1782835361,binance,ETH/USDT:USDT,sell,-2.2534050103795753,-1.2447088006130527,1.0013727117539342,34.513888888888886,32.31204976534421,50.377941934375535,1.6510987925660996
p-85a9797f,1782835667,binance,ETH/USDT:USDT,sell,-2.288026051650101,-1.2401540998807803,1.0013727117539342,34.513888888888886,32.31204976534421,50.36941580756014,1.6510987925660996
p-f16374de,1782835667,binance,ETH/USDT:USDT,sell,0.5613809904952652,0.20658720000237057,1.0013727117539342,34.513888888888886,32.31204976534421,50.36941580756014,1.6510987925660996
p-98a4b109,1782835971,binance,ETH/USDT:USDT,sell,0.5613809904952562,0.20608743128135293,1.0013727117539342,34.513888888888886,32.31204976534421,,1.6510987925660996
p-b493dbfa,1782835971,binance,ETH/USDT:USDT,sell,-2.292426279600274,-1.239587406462222,1.0013727117539342,34.513888888888886,32.31204976534421,,1.6510987925660996
p-7d814f7b,1782836274,binance,ETH/USDT:USDT,sell,0.5613809904952373,0.20491051412176928,1.0013727117539342,34.513888888888886,32.31204976534421,,1.6510987925660996
p-05ded1ce,1782836274,binance,ETH/USDT:USDT,sell,-2.3028732692702776,-1.2382526909367157,1.0013727117539342,34.513888888888886,32.31204976534421,,1.6510987925660996
p-96008de3,1782836577,binance,ETH/USDT:USDT,sell,-2.3039204918142127,-1.238119722088488,1.0013727117539342,34.513888888888886,32.31204976534421,,1.6510987925660996
p-b20bf6a1,1782836577,binance,ETH/USDT:USDT,sell,-3.1857156551800823,-1.162157546992655,1.0013727117539342,34.513888888888886,32.31204976534421,,1.6510987925660996
p-1a012997,1782836881,binance,ETH/USDT:USDT,sell,-2.3233925807802804,-1.2356742336156714,1.0013727117539342,34.513888888888886,32.31204976534421,,1.6510987925660996
p-8b9104b3,1782836881,binance,ETH/USDT:USDT,sell,-3.2149237886291546,-1.16046749281543,1.0013727117539342,34.513888888888886,32.31204976534421,,1.6510987925660996
p-4b80635b,1782836881,binance,ETH/USDT:USDT,sell,-0.8615048710929394,-2.047733212517925,1.0013727117539342,34.513888888888886,32.31204976534421,,1.6510987925660996
p-ff3bed3e,1782837185,binance,ETH/USDT:USDT,sell,-3.215471450767249,-1.1604361434949146,1.0013727117539342,34.513888888888886,32.31204976534421,,1.6510987925660996
p-45dcbef1,1782837185,binance,ETH/USDT:USDT,sell,-2.3237576888723175,-1.2356288628003145,1.0013727117539342,34.513888888888886,32.31204976534421,,1.6510987925660996
p-37f215a0,1782837489,binance,ETH/USDT:USDT,sell,-3.213094170701826,-1.1605723137395587,1.0013727117539342,34.513888888888886,32.31204976534421,,1.6510987925660996
p-0d0e8467,1782837489,binance,ETH/USDT:USDT,sell,-2.3221728354953917,-1.235825935101166,1.0013727117539342,34.513888888888886,32.31204976534421,,1.6510987925660996
p-156b435b,1782837797,binance,ETH/USDT:USDT,sell,0.561380990495265,0.20314111532747003,1.0013727117539342,34.513888888888886,32.31204976534421,,1.6510987925660996
p-04e7ec10,1782837797,binance,ETH/USDT:USDT,sell,-2.3188072640621957,-1.2362455377204158,1.0013727117539342,34.513888888888886,32.31204976534421,,1.6510987925660996
p-28373b32,1782838101,binance,ETH/USDT:USDT,sell,0.5613809904952453,0.20337098412927268,1.0013727117539342,34.513888888888886,32.31204976534421,,1.6510987925660996
p-9530c08f,1782838101,binance,ETH/USDT:USDT,sell,-2.3167215525959044,-1.2365063291688818,1.0013727117539342,34.513888888888886,32.31204976534421,,1.6510987925660996
p-28c7e2bc,1782838404,binance,ETH/USDT:USDT,sell,-2.3154204653500274,-1.236669307237656,1.0013727117539342,34.513888888888886,32.31204976534421,,1.6510987925660996
p-824773d9,1782838404,binance,ETH/USDT:USDT,sell,0.5613809904952513,0.20351464220710094,1.0013727117539342,34.513888888888886,32.31204976534421,,1.6510987925660996
p-86440c93,1782838707,binance,ETH/USDT:USDT,sell,0.5613809904952364,0.20076646209543367,1.0013727117539342,34.513888888888886,32.31204976534421,,1.6510987925660996
p-b39c06e6,1782838707,binance,ETH/USDT:USDT,sell,-2.340633167022798,-1.2335508246661964,1.0013727117539342,34.513888888888886,32.31204976534421,,1.6510987925660996
p-4a43d53b,1782839010,binance,BTC/USDT:USDT,sell,-1.9813758330701832,-1.2876170072786561,0.9925625322614255,49.09722222222222,42.41294747437374,,1.5911714975626206
p-868309ea,1782839011,binance,ETH/USDT:USDT,sell,0.5613809904952486,0.21223529632725519,0.9925625322614255,33.81944444444444,32.31204976534421,,1.6510987925660996
p-05ffe074,1782839011,binance,ETH/USDT:USDT,sell,0.5613809904952486,0.3124438745526471,0.9925625322614255,33.81944444444444,32.31204976534421,,1.6510987925660996
p-102656a5,1782839313,binance,BTC/USDT:USDT,sell,0.5613809904952324,0.24543268074535318,0.9925625322614255,49.09722222222222,42.41294747437374,,1.5911714975626206
p-8702cf48,1782839313,binance,BTC/USDT:USDT,sell,-2.0008384283439473,-1.2840503026922105,0.9925625322614255,49.09722222222222,42.41294747437374,,1.5911714975626206
p-e2f1ac7e,1782839315,binance,ETH/USDT:USDT,sell,0.5613809904952168,0.20940793459687426,0.9925625322614255,33.81944444444444,32.31204976534421,,1.6510987925660996
p-10ac1299,1782839619,binance,BTC/USDT:USDT,sell,-2.009843278438738,-1.2824300061297595,0.9925625322614255,49.09722222222222,42.41294747437374,,1.5911714975626206
p-2ebbf37c,1782839619,binance,BTC/USDT:USDT,sell,-0.8252582348762597,-2.14618822115274,0.9925625322614255,49.09722222222222,42.41294747437374,,1.5911714975626206
p-60e99231,1782839623,binance,ETH/USDT:USDT,sell,0.5613809904952621,0.20893430737225108,0.9925625322614255,33.81944444444444,32.31204976534421,,1.6510987925660996
p-92a72a34,1782839623,binance,ETH/USDT:USDT,sell,-2.2676424553549506,-1.2428148487115842,0.9925625322614255,33.81944444444444,32.31204976534421,,1.6510987925660996
p-85ea3478,1782839925,binance,BTC/USDT:USDT,sell,-2.0194187376854296,-1.280727307033313,0.9925625322614255,49.09722222222222,42.41294747437374,,1.5911714975626206
p-8bb94ae7,1782839928,binance,ETH/USDT:USDT,sell,0.5613809904952168,0.20808797281571878,0.9925625322614255,33.81944444444444,32.31204976534421,,1.6510987925660996
p-97a840aa,1782839928,binance,ETH/USDT:USDT,sell,-2.27493948912562,-1.2418555453418354,0.9925625322614255,33.81944444444444,32.31204976534421,,1.6510987925660996
p-37b8039c,1782840230,binance,BTC/USDT:USDT,sell,-2.0208656470941646,-1.2804718130141646,0.9925625322614255,49.09722222222222,42.41294747437374,,1.5911714975626206
p-5f4fe785,1782840232,binance,ETH/USDT:USDT,sell,0.5613809904952641,0.20804462229273088,0.9925625322614255,33.81944444444444,32.31204976534421,,1.6510987925660996
p-bbd250b8,1782840232,binance,ETH/USDT:USDT,sell,-2.2753148524936146,-1.2418064045623995,0.9925625322614255,33.81944444444444,32.31204976534421,,1.6510987925660996
p-c414d904,1782840535,binance,BTC/USDT:USDT,sell,-2.0257423543275777,-1.2796141224941038,0.9925625322614255,49.09722222222222,42.41294747437374,,1.5911714975626206
p-5c2cba60,1782840537,binance,ETH/USDT:USDT,sell,0.5613809904952144,0.20799362078677872,0.9925625322614255,33.81944444444444,32.31204976534421,,1.6510987925660996
p-4bdaac1b,1782840537,binance,ETH/USDT:USDT,sell,-2.2757566644958227,-1.241748590393872,0.9925625322614255,33.81944444444444,32.31204976534421,,1.6510987925660996
p-ca377dae,1782840839,binance,BTC/USDT:USDT,sell,-2.0316890954900293,-1.2785753523504684,0.9925625322614255,49.09722222222222,42.41294747437374,,1.5911714975626206
p-ef58ba21,1782840840,binance,ETH/USDT:USDT,sell,-2.2807341303539554,-1.241099172135402,0.9925625322614255,33.81944444444444,32.31204976534421,,1.6510987925660996
p-fed2b74c,1782840840,binance,ETH/USDT:USDT,sell,0.5613809904952493,0.20742075945849248,0.9925625322614255,33.81944444444444,32.31204976534421,,1.6510987925660996
p-90a6d98f,1782841142,binance,BTC/USDT:USDT,sell,-2.032723578286294,-1.2783954421579853,0.9925625322614255,49.09722222222222,42.41294747437374,,1.5911714975626206
p-55fecfa9,1782841144,binance,ETH/USDT:USDT,sell,0.5613809904952644,0.20732546907161462,0.9925625322614255,33.81944444444444,32.31204976534421,,1.6510987925660996
p-996208af,1782841144,binance,ETH/USDT:USDT,sell,-2.2815647558026813,-1.2409911408690035,0.9925625322614255,33.81944444444444,32.31204976534421,,1.6510987925660996
p-3f332a84,1782841446,binance,BTC/USDT:USDT,sell,-2.033662238753569,-1.278232398863903,0.9925625322614255,49.09722222222222,42.41294747437374,49.82561036372696,1.5911714975626206
p-18dc150b,1782841448,binance,ETH/USDT:USDT,sell,0.5613809904952425,0.20709675843032202,0.9925625322614255,33.81944444444444,32.31204976534421,,1.6510987925660996
p-b48c632c,1782841448,binance,ETH/USDT:USDT,sell,-2.2835614954124686,-1.2407318429328598,0.9925625322614255,33.81944444444444,32.31204976534421,,1.6510987925660996
p-72cb7159,1782841750,binance,BTC/USDT:USDT,sell,-2.0383011420958983,-1.277429443465077,0.9925625322614255,49.09722222222222,42.41294747437374,49.825581395348834,1.5911714975626206
p-966b21e8,1782841752,binance,ETH/USDT:USDT,sell,0.561380990495263,0.20608550959167574,0.9925625322614255,33.81944444444444,32.31204976534421,,1.6510987925660996
p-36f9b0d2,1782841752,binance,ETH/USDT:USDT,sell,-2.2924432403605044,-1.2395852273408487,0.9925625322614255,33.81944444444444,32.31204976534421,,1.6510987925660996
p-deb34291,1782842055,binance,BTC/USDT:USDT,sell,-2.03814702464728,-1.2774560450412347,0.9925625322614255,49.09722222222222,42.41294747437374,49.825581395348834,1.5911714975626206
p-b2ca263f,1782842056,binance,ETH/USDT:USDT,sell,0.561380990495221,0.20620315714970494,0.9925625322614255,33.81944444444444,32.31204976534421,50.21544295070665,1.6510987925660996
p-63edf3c1,1782842056,binance,ETH/USDT:USDT,sell,-2.291405470222453,-1.2397186337460555,0.9925625322614255,33.81944444444444,32.31204976534421,50.21544295070665,1.6510987925660996
p-dd5da8b1,1782842365,binance,BTC/USDT:USDT,sell,-2.0376135263960156,-1.2775481696070574,0.9925625322614255,49.09722222222222,42.41294747437374,49.82555241734507,1.5911714975626206
p-3a01d2e0,1782842367,binance,ETH/USDT:USDT,sell,0.5613809904952638,0.20622719204227521,0.9925625322614255,33.81944444444444,32.31204976534421,50.20686088605413,1.6510987925660996
p-1421ed68,1782842367,binance,ETH/USDT:USDT,sell,-2.2911936038818244,-1.2397458877657435,0.9925625322614255,33.81944444444444,32.31204976534421,50.20686088605413,1.6510987925660996
p-c64d289e,1782842670,binance,BTC/USDT:USDT,sell,-1.958426768838196,-1.2919401184158428,0.97176197631778,45.90277777777778,42.41294747437374,49.82552342971087,1.5911714975626206
p-ba059280,1782842671,binance,ETH/USDT:USDT,sell,0.5613809904952601,0.21867662929365905,0.97176197631778,31.319444444444443,32.31204976534421,50.19827586206897,1.6510987925660996
p-18c736c0,1782842671,binance,ETH/USDT:USDT,sell,-2.1877121693776793,-1.2538473563064088,0.97176197631778,31.319444444444443,32.31204976534421,50.19827586206897,1.6510987925660996
p-a4c77db1,1782842973,binance,BTC/USDT:USDT,sell,-1.9612178272941796,-1.2914073751869417,0.97176197631778,45.90277777777778,42.41294747437374,49.82549443244142,1.5911714975626206
p-2302f60b,1782842974,binance,ETH/USDT:USDT,sell,0.561380990495268,0.21695961883949222,0.97176197631778,31.319444444444443,32.31204976534421,50.18968787722021,1.6510987925660996
p-f7dadd7e,1782842974,binance,ETH/USDT:USDT,sell,-2.2012781964253496,-1.251904324541478,0.97176197631778,31.319444444444443,32.31204976534421,50.18968787722021,1.6510987925660996
p-8c540c32,1782843276,binance,BTC/USDT:USDT,sell,-1.9643446645306535,-1.2908128574382698,0.97176197631778,45.90277777777778,42.41294747437374,49.825581395348834,1.5911714975626206
p-ac19e6d6,1782843278,binance,ETH/USDT:USDT,sell,0.5613809904952463,0.21652817650539663,0.97176197631778,31.319444444444443,32.31204976534421,50.18968787722021,1.6510987925660996
p-d84ce559,1782843278,binance,ETH/USDT:USDT,sell,-2.2047208272143037,-1.2514159969291205,0.97176197631778,31.319444444444443,32.31204976534421,50.18968787722021,1.6510987925660996
p-1c964d28,1782843582,binance,BTC/USDT:USDT,sell,0.5613809904952449,0.24762905887809794,0.97176197631778,45.90277777777778,42.41294747437374,49.82569721115538,1.5911714975626206
p-66a42258,1782843582,binance,BTC/USDT:USDT,sell,0.5613809904952449,0.3634241329701253,0.97176197631778,45.90277777777778,42.41294747437374,49.82569721115538,1.5911714975626206
p-c053f84d,1782843584,binance,ETH/USDT:USDT,sell,0.5613809904952654,0.21304855944160092,0.97176197631778,31.319444444444443,32.31204976534421,50.18968787722021,1.6510987925660996
p-cbbfa34b,1782843885,binance,BTC/USDT:USDT,sell,-2.0121609894487,-1.282015970229374,0.97176197631778,45.90277777777778,42.41294747437374,49.81751824817518,1.5911714975626206
p-00a1068a,1782843887,binance,ETH/USDT:USDT,sell,0.561380990495223,0.20773945300639443,0.97176197631778,31.319444444444443,32.31204976534421,50.18097207859359,1.6510987925660996
p-2cf91793,1782844189,binance,BTC/USDT:USDT,sell,0.561380990495241,0.2437656576620043,0.97176197631778,45.90277777777778,42.41294747437374,49.81763925729443,1.5911714975626206
p-e4ca3631,1782844189,binance,BTC/USDT:USDT,sell,-2.0112831704443037,-1.2821726401066584,0.97176197631778,45.90277777777778,42.41294747437374,49.81763925729443,1.5911714975626206
p-1ca93d5f,1782844191,binance,ETH/USDT:USDT,sell,0.5613809904952395,0.20792870192436408,0.97176197631778,31.319444444444443,32.31204976534421,50.17226528854436,1.6510987925660996
p-baaefbd6,1782844493,binance,BTC/USDT:USDT,sell,-2.0127073251230345,-1.2819185505707251,0.97176197631778,45.90277777777778,42.41294747437374,49.817729908864955,1.5911714975626206
p-37e6912e,1782844495,binance,ETH/USDT:USDT,sell,0.5613809904952184,0.20762259470535546,0.97176197631778,31.319444444444443,32.31204976534421,50.16359566040985,1.6510987925660996
p-14dd755e,1782844796,binance,BTC/USDT:USDT,sell,-2.014356341147935,-1.281624916901832,0.97176197631778,45.90277777777778,42.41294747437374,49.81782047035442,1.5911714975626206
p-bdbcd525,1782844798,binance,ETH/USDT:USDT,sell,0.5613809904952602,0.20750446106791434,0.97176197631778,31.319444444444443,32.31204976534421,50.15493200206576,1.6510987925660996
p-dbc9a43e,1782844798,binance,ETH/USDT:USDT,sell,0.5613809904952602,0.3056057801070519,0.97176197631778,31.319444444444443,32.31204976534421,50.15493200206576,1.6510987925660996
p-925d4b12,1782845101,binance,BTC/USDT:USDT,sell,-2.0132994366025616,-1.281813044820669,0.97176197631778,45.90277777777778,42.41294747437374,49.81791094189704,1.5911714975626206
p-6561e62b,1782845102,binance,ETH/USDT:USDT,sell,0.5613809904952496,0.20768102448771394,0.97176197631778,31.319444444444443,32.31204976534421,50.15485203028217,1.6510987925660996
p-1bb4a86e,1782845404,binance,BTC/USDT:USDT,sell,0.5613809904952538,0.24403979660504063,0.97176197631778,45.90277777777778,42.41294747437374,49.81797120635446,1.5911714975626206
p-fa632de1,1782845404,binance,BTC/USDT:USDT,sell,0.5613809904952538,0.3582685928070422,0.97176197631778,45.90277777777778,42.41294747437374,49.81797120635446,1.5911714975626206
p-1571470e,1782845407,binance,ETH/USDT:USDT,sell,0.5613809904952756,0.2081750866896514,0.97176197631778,31.319444444444443,32.31204976534421,50.14622398073284,1.6510987925660996
p-003c0ab6,1782845709,binance,BTC/USDT:USDT,sell,0.5613809904952506,0.3585662687597468,0.97176197631778,45.90277777777778,42.41294747437374,49.81806152828316,1.5911714975626206
p-394bbfda,1782845709,binance,BTC/USDT:USDT,sell,0.5613809904952506,0.2442469760624545,0.97176197631778,45.90277777777778,42.41294747437374,49.81806152828316,1.5911714975626206
p-7a89fd6d,1782845713,binance,ETH/USDT:USDT,sell,0.5613809904952489,0.2081979459926068,0.97176197631778,31.319444444444443,32.31204976534421,50.14614855570839,1.6510987925660996
p-a738e300,1782846016,binance,BTC/USDT:USDT,sell,0.5613809904952576,0.2612024041418889,0.956616600405941,43.40277777777778,42.41294747437374,49.81815176062159,1.5911714975626206
p-3cfc40ed,1782846016,binance,BTC/USDT:USDT,sell,0.5613809904952576,0.3828914589894704,0.956616600405941,43.40277777777778,42.41294747437374,49.81815176062159,1.5911714975626206
p-c5411814,1782846018,binance,ETH/USDT:USDT,sell,0.5613809904952302,0.22275536039923996,0.956616600405941,30.76388888888889,32.31204976534421,50.146073208455064,1.6510987925660996
p-326b4fd4,1782846320,binance,BTC/USDT:USDT,sell,0.5613809904952562,0.2569141688545617,0.956616600405941,43.40277777777778,42.41294747437374,49.81821186580731,1.5911714975626206
p-85e1d4ea,1782846320,binance,BTC/USDT:USDT,sell,0.5613809904952562,0.3767461096462987,0.956616600405941,43.40277777777778,42.41294747437374,49.81821186580731,1.5911714975626206
p-10e7d2da,1782846324,binance,ETH/USDT:USDT,sell,0.5613809904952239,0.21998311069444082,0.956616600405941,30.76388888888889,32.31204976534421,50.13745704467354,1.6510987925660996
p-2764e702,1782846626,binance,BTC/USDT:USDT,sell,0.5613809904952402,0.2553907907882251,0.956616600405941,43.40277777777778,42.41294747437374,49.818301949124546,1.5911714975626206
p-68c10a8b,1782846626,binance,BTC/USDT:USDT,sell,0.5613809904952402,0.37456189397457196,0.956616600405941,43.40277777777778,42.41294747437374,49.818301949124546,1.5911714975626206
p-b4949a84,1782846628,binance,ETH/USDT:USDT,sell,0.5613809904952347,0.2197643710720016,0.956616600405941,30.76388888888889,32.31204976534421,50.12882171075232,1.6510987925660996
p-d7c3b461,1782846929,binance,BTC/USDT:USDT,sell,0.561380990495269,0.2554327891096315,0.956616600405941,43.40277777777778,42.41294747437374,49.818421921426214,1.5911714975626206
p-b14b3809,1782846929,binance,BTC/USDT:USDT,sell,0.561380990495269,0.37462211883519775,0.956616600405941,43.40277777777778,42.41294747437374,49.818421921426214,1.5911714975626206
p-43726c4a,1782846931,binance,ETH/USDT:USDT,sell,0.5613809904952718,0.21900726611633117,0.956616600405941,30.76388888888889,32.31204976534421,50.12017167381974,1.6510987925660996
p-6fec14a7,1782847233,binance,BTC/USDT:USDT,sell,0.5613809904952518,0.25535003931208206,0.956616600405941,43.40277777777778,42.41294747437374,49.818541735400856,1.5911714975626206
p-43bf4fd7,1782847233,binance,BTC/USDT:USDT,sell,0.5613809904952518,0.37450345664699464,0.956616600405941,43.40277777777778,42.41294747437374,49.818541735400856,1.5911714975626206
p-8e574f39,1782847235,binance,ETH/USDT:USDT,sell,0.5613809904952342,0.21809902460193295,0.956616600405941,30.76388888888889,32.31204976534421,50.11153054221002,1.6510987925660996
p-c156a5f4,1782847537,binance,BTC/USDT:USDT,sell,0.5613809904952396,0.2550091327171965,0.956616600405941,43.40277777777778,42.41294747437374,49.818601583113455,1.5911714975626206
p-5b2f26d5,1782847537,binance,BTC/USDT:USDT,sell,0.5613809904952396,0.37401458275280103,0.956616600405941,43.40277777777778,42.41294747437374,49.818601583113455,1.5911714975626206
p-46c18acf,1782847539,binance,ETH/USDT:USDT,sell,0.5613809904952379,0.21671549181838215,0.956616600405941,30.76388888888889,32.31204976534421,50.102915951972555,1.6510987925660996
p-057a1bc6,1782847841,binance,BTC/USDT:USDT,sell,0.5613809904952569,0.255402101873069,0.956616600405941,43.40277777777778,42.41294747437374,49.81866139136169,1.5911714975626206
p-74be437d,1782847841,binance,BTC/USDT:USDT,sell,0.5613809904952569,0.3745781139163927,0.956616600405941,43.40277777777778,42.41294747437374,49.81866139136169,1.5911714975626206
p-5c56bc9a,1782847843,binance,ETH/USDT:USDT,sell,0.5613809904952299,0.21683767199157192,0.956616600405941,30.76388888888889,32.31204976534421,50.094307270233195,1.6510987925660996
p-2d5c7733,1782848144,binance,BTC/USDT:USDT,sell,0.5613809904952288,0.25266583117502356,0.956616600405941,43.40277777777778,42.41294747437374,49.81878088962109,1.5911714975626206
p-5662afea,1782848146,binance,ETH/USDT:USDT,sell,0.5613809904952395,0.2161986754407319,0.956616600405941,30.76388888888889,32.31204976534421,50.094242631939686,1.6510987925660996
p-9d98169a,1782848447,binance,BTC/USDT:USDT,sell,0.5613809904952546,0.25239779914018445,0.956616600405941,43.40277777777778,42.41294747437374,49.81887041001153,1.5911714975626206
p-3ea5571a,1782848447,binance,BTC/USDT:USDT,sell,0.5613809904952546,0.37026886092550465,0.956616600405941,43.40277777777778,42.41294747437374,49.81887041001153,1.5911714975626206
p-5baf2f6c,1782848449,binance,ETH/USDT:USDT,sell,0.5613809904952528,0.2159960517785975,0.956616600405941,30.76388888888889,32.31204976534421,50.09419421133756,1.6510987925660996
p-0400bc9a,1782848751,binance,BTC/USDT:USDT,sell,0.5613809904952347,0.25238425316474833,0.956616600405941,43.40277777777778,42.41294747437374,49.81898963304262,1.5911714975626206
p-0c7f3d73,1782848751,binance,BTC/USDT:USDT,sell,0.5613809904952347,0.37024942600402966,0.956616600405941,43.40277777777778,42.41294747437374,49.81898963304262,1.5911714975626206
p-ffbcca5f,1782848754,binance,ETH/USDT:USDT,sell,0.5613809904952365,0.21599078862352128,0.956616600405941,30.76388888888889,32.31204976534421,50.07704160246533,1.6510987925660996
p-39494cae,1782849056,binance,BTC/USDT:USDT,sell,0.5613809904952337,0.36892034724857037,0.956616600405941,43.40277777777778,42.41294747437374,49.81907894736842,1.5911714975626206
p-00ebbe01,1782849056,binance,BTC/USDT:USDT,sell,0.5613809904952337,0.25145797241887924,0.956616600405941,43.40277777777778,42.41294747437374,49.81907894736842,1.5911714975626206
p-f5b516db,1782849058,binance,ETH/USDT:USDT,sell,0.5613809904952647,0.2158802599948774,0.956616600405941,30.76388888888889,32.31204976534421,50.068457983912374,1.6510987925660996
p-75c6fb8b,1782849359,binance,BTC/USDT:USDT,sell,0.5613809904952611,0.2515573668486695,0.956616600405941,43.40277777777778,42.41294747437374,49.819168173598555,1.5911714975626206
p-65f316e6,1782849359,binance,BTC/USDT:USDT,sell,0.5613809904952611,0.3690629741423569,0.956616600405941,43.40277777777778,42.41294747437374,49.819168173598555,1.5911714975626206
p-b8cad593,1782849362,binance,ETH/USDT:USDT,sell,0.5613809904952222,0.216009209621331,0.956616600405941,30.76388888888889,32.31204976534421,50.059869996578854,1.6510987925660996
p-2dbe2670,1782849663,binance,BTC/USDT:USDT,sell,0.5613809904952497,0.2661815440186743,0.9296469129559513,39.791666666666664,43.91958900281977,49.81928700509282,1.6263403999041859
p-3c45d537,1782849663,binance,BTC/USDT:USDT,sell,0.5613809904952497,0.3900211681722668,0.9296469129559513,39.791666666666664,43.91958900281977,49.81928700509282,1.6263403999041859
p-c1d23000,1782849665,binance,ETH/USDT:USDT,sell,0.5613809904952257,0.2288359183822812,0.9296469129559513,27.98611111111111,32.35026690834032,50.05129958960328,1.610976805007341
p-828e7ff5,1782849665,binance,ETH/USDT:USDT,sell,0.5613809904952257,0.33639422333378416,0.9296469129559513,27.98611111111111,32.35026690834032,50.05129958960328,1.610976805007341
p-827f273a,1782849967,binance,BTC/USDT:USDT,sell,0.5613809904952503,0.38933083212270164,0.9296469129559513,39.791666666666664,43.91958900281977,49.81937602627258,1.6263403999041859
p-86663a66,1782849967,binance,BTC/USDT:USDT,sell,0.5613809904952503,0.2656992486389641,0.9296469129559513,39.791666666666664,43.91958900281977,49.81937602627258,1.6263403999041859
p-819831f8,1782849970,binance,ETH/USDT:USDT,sell,0.5613809904952684,0.33444053993244993,0.9296469129559513,27.98611111111111,32.35026690834032,50.042735042735046,1.610976805007341
p-d2d12890,1782849970,binance,ETH/USDT:USDT,sell,0.5613809904952684,0.22747996317674568,0.9296469129559513,27.98611111111111,32.35026690834032,50.042735042735046,1.610976805007341
p-1b1a0073,1782850272,binance,BTC/USDT:USDT,sell,0.5613809904952464,0.2641155423411714,0.9296469129559513,39.791666666666664,43.91958900281977,49.819464959789926,1.6263403999041859
p-ad0040c6,1782850273,binance,ETH/USDT:USDT,sell,0.5613809904952463,0.22606455457567487,0.9296469129559513,27.98611111111111,32.35026690834032,50.034176349965826,1.610976805007341
p-59f670af,1782850273,binance,ETH/USDT:USDT,sell,0.5613809904952463,0.3324007013769115,0.9296469129559513,27.98611111111111,32.35026690834032,50.034176349965826,1.610976805007341
p-3219a8cb,1782850575,binance,BTC/USDT:USDT,sell,0.5613809904952481,0.2640513754815416,0.9296469129559513,39.791666666666664,43.91958900281977,49.81958340167295,1.6263403999041859
p-3b229509,1782850577,binance,ETH/USDT:USDT,sell,0.5613809904952456,0.22591085744144673,0.9296469129559513,27.98611111111111,32.35026690834032,50.025619128949614,1.610976805007341
p-33988df4,1782850577,binance,ETH/USDT:USDT,sell,0.5613809904952456,0.332179167953835,0.9296469129559513,27.98611111111111,32.35026690834032,50.025619128949614,1.610976805007341
p-4b25a0da,1782850879,binance,BTC/USDT:USDT,sell,0.5613809904952457,0.262517596002039,0.9296469129559513,39.791666666666664,43.91958900281977,49.819701688247825,1.6263403999041859
p-dfc4534e,1782850879,binance,BTC/USDT:USDT,sell,0.5613809904952457,0.38477530384446845,0.9296469129559513,39.791666666666664,43.91958900281977,49.819701688247825,1.6263403999041859
p-da9b6105,1782850881,binance,ETH/USDT:USDT,sell,0.5613809904952429,0.22533654042877244,0.9296469129559513,27.98611111111111,32.35026690834032,50.0170706725845,1.610976805007341
p-2b09a1ee,1782850881,binance,ETH/USDT:USDT,sell,0.5613809904952429,0.33135131578968985,0.9296469129559513,27.98611111111111,32.35026690834032,50.0170706725845,1.610976805007341
p-952db9aa,1782851186,binance,BTC/USDT:USDT,sell,0.5613809904952601,0.26169539028409106,0.9296469129559513,39.791666666666664,43.91958900281977,49.81979030144168,1.6263403999041859
p-98d61880,1782851186,binance,BTC/USDT:USDT,sell,0.5613809904952601,0.3835976494162081,0.9296469129559513,39.791666666666664,43.91958900281977,49.81979030144168,1.6263403999041859
p-a50ec166,1782851188,binance,ETH/USDT:USDT,sell,0.5613809904952308,0.2224964579744682,0.9296469129559513,27.98611111111111,32.35026690834032,50.008532423208194,1.610976805007341
p-928bfa99,1782851188,binance,ETH/USDT:USDT,sell,0.5613809904952308,0.3272562431879823,0.9296469129559513,27.98611111111111,32.35026690834032,50.008532423208194,1.610976805007341
p-f7380741,1782851492,binance,BTC/USDT:USDT,sell,0.5613809904952503,0.26133501116334773,0.9296469129559513,39.791666666666664,43.91958900281977,49.819849328529315,1.6263403999041859
p-2607c37d,1782851492,binance,BTC/USDT:USDT,sell,0.5613809904952503,0.3830814212215152,0.9296469129559513,39.791666666666664,43.91958900281977,49.819849328529315,1.6263403999041859
p-cf297e1d,1782851495,binance,ETH/USDT:USDT,sell,0.5613809904952227,0.22174212314387892,0.9296469129559513,27.98611111111111,32.35026690834032,50.0,1.610976805007341
p-2b17bd8c,1782851495,binance,ETH/USDT:USDT,sell,0.5613809904952227,0.3261682373986555,0.9296469129559513,27.98611111111111,32.35026690834032,50.0,1.610976805007341
p-2a74f72a,1782851798,binance,BTC/USDT:USDT,sell,0.5613809904952448,0.38028066212743,0.9296469129559513,39.791666666666664,43.91958900281977,49.8199377966934,1.6263403999041859
p-0f12645a,1782851798,binance,BTC/USDT:USDT,sell,0.5613809904952448,0.2593801942413755,0.9296469129559513,39.791666666666664,43.91958900281977,49.8199377966934,1.6263403999041859
p-d24d0586,1782851800,binance,ETH/USDT:USDT,sell,0.5613809904952629,0.22052175602652116,0.9296469129559513,27.98611111111111,32.35026690834032,49.991471942691454,1.610976805007341
p-8d247a0b,1782851801,binance,ETH/USDT:USDT,sell,0.5613809904952629,0.32440775176928804,0.9296469129559513,27.98611111111111,32.35026690834032,49.991471942691454,1.610976805007341
p-e566c260,1782852104,binance,BTC/USDT:USDT,sell,0.5613809904952519,0.25942235534431024,0.9296469129559513,39.791666666666664,43.91958900281977,49.82002617801047,1.6263403999041859
p-9dfc463a,1782852104,binance,BTC/USDT:USDT,sell,0.5613809904952519,0.3803410784059236,0.9296469129559513,39.791666666666664,43.91958900281977,49.82002617801047,1.6263403999041859
p-4aab84b0,1782852107,binance,ETH/USDT:USDT,sell,0.561380990495223,0.22059576333489103,0.9296469129559513,27.98611111111111,32.35026690834032,49.99147630412547,1.610976805007341
p-9b3dc0f1,1782852107,binance,ETH/USDT:USDT,sell,0.561380990495223,0.3245145244394017,0.9296469129559513,27.98611111111111,32.35026690834032,49.99147630412547,1.610976805007341
p-2b0c5837,1782852411,binance,BTC/USDT:USDT,sell,0.5613809904952637,0.3801725135038364,0.9296469129559513,39.791666666666664,43.91958900281977,49.82014388489208,1.6263403999041859
p-d7eb5bd8,1782852411,binance,BTC/USDT:USDT,sell,0.5613809904952637,0.2593047242082972,0.9296469129559513,39.791666666666664,43.91958900281977,49.82014388489208,1.6263403999041859
p-647d0bd9,1782852413,binance,ETH/USDT:USDT,sell,0.561380990495266,0.2193308256558898,0.9296469129559513,27.98611111111111,32.35026690834032,49.99148211243612,1.610976805007341
p-d972709f,1782852413,binance,ETH/USDT:USDT,sell,0.561380990495266,0.322689369127231,0.9296469129559513,27.98611111111111,32.35026690834032,49.99148211243612,1.610976805007341
p-1d78e447,1782852716,binance,BTC/USDT:USDT,sell,0.5613809904952404,0.25939073457938466,0.9296469129559513,39.791666666666664,43.91958900281977,49.82023206406276,1.6263403999041859
p-da22c5b5,1782852716,binance,BTC/USDT:USDT,sell,0.5613809904952404,0.3802957663278908,0.9296469129559513,39.791666666666664,43.91958900281977,49.82023206406276,1.6263403999041859
p-2d09521d,1782852720,binance,ETH/USDT:USDT,sell,0.5613809904952651,0.21933751826807482,0.9296469129559513,27.98611111111111,32.35026690834032,49.98297002724796,1.610976805007341
